icao,iata,name,attr,longitude,latitude,level,city,tyep
ZWAT,AAT,阿勒泰雪都,机场,88.09560477,47.75748027,4C,阿勒泰,民用运输机场
ZUYI,ACX,兴义万峰林,机场,104.9685884,25.08922914,4C,兴义,民用运输机场
ZGBS,AEB,百色巴马,机场,106.9702328,23.72361216,4C,百色,军民合用支线
ZUHY,AHJ,阿坝红原,机场,102.360461,32.5356636,4C,红原,民用运输机场
ZLAK,AKA,安康富强,机场,108.9419777,32.71188203,4C,安康,军民合用支线机场
ZWAK,AKU,阿克苏红旗坡,机场,80.30031045,41.26975623,4C,阿克苏,军民合用机场
ZYAS,AOG,鞍山腾鳌,机场,122.8656619,41.1132639,4C,鞍山,军民合用机场
ZSAQ,AQG,安庆天柱山,机场,117.0620055,30.58556519,4C,安庆,军民合用机场
ZUAS,AVA,安顺黄果树,机场,105.8831638,26.26288304,4C,安顺,民用运输机场
ZBAL,AXF,阿拉善左旗巴彦浩特,机场,105.5989246,38.75493898,3C,阿拉善左旗,民用运输机场
ZHAY,AYN,安阳北郊,机场,114.3564727,36.14032749,2A,安阳,航校训练机场
ZJQH,BAR,琼海博鳌,机场,110.4657277,19.14232101,4C,琼海,民用运输机场
ZBOW,BAV,包头东河,机场,110.0093873,40.56708676,4D,包头,民用运输机场
ZUBJ,BFJ,毕节飞雄,机场,105.4893234,27.26775144,4C,毕节,民用运输机场
ZSBB,BFU,蚌埠,机场,117.3324508,32.85180523,4C,蚌埠,民用运输机场
ZGBH,BHY,北海福成,机场,109.3047192,21.54300168,4D,北海,民用运输机场
ZBDH,BPE,秦皇岛北戴河,机场,119.0716415,39.673887,4C,秦皇岛,民用运输机场
ZWBL,BPL,博乐阿拉山口,机场,82.309494,44.90207459,4C,博乐,民用运输机场
ZUBD,BPX,昌都邦达,机场,97.11791263,30.55459435,4C,昌都,军民合用机场
ZPBS,BSD,保山云瑞,机场,99.17575497,25.05617405,4C,保山,民用运输机场
ZUBZ,BZX,巴中恩阳,机场,106.6552868,31.74210155,4C,巴中,民用运输机场
ZGGG,CAN,广州白云,国际机场,113.3108689,23.39594267,4F,广州,民用运输机场
ZBCD,CDE,承德普宁,机场,118.0869103,41.13085544,4C,承德,民用运输机场
ZGCD,CGD,常德桃花源,机场,111.6520365,28.92143978,4D,常德,民用运输机场
ZHCC,CGO,郑州新郑,国际机场,113.853463,34.52431978,4F,郑州,民用运输机场
ZYCC,CGQ,长春龙嘉,国际机场,125.6978635,44.00406287,4E,长春,民用运输机场
ZYCY,CHG,朝阳,机场,120.447299,41.54624503,4C,朝阳,民用运输机场
NNNN,CHW,酒泉,机场,98.51096183,39.68304563,3C,酒泉,民用运输机场
ZBCF,CIF,赤峰玉龙,机场,118.920545,42.24327765,4C,赤峰,军民合用机场
ZBCZ,CIH,长治王村,机场,113.1391591,36.25372622,4C,长治,军民合用机场
ZUCK,CKG,重庆江北,国际机场,106.6522754,29.72231319,4F,重庆,民用运输机场
ZYCH,CNI,长海大长山岛,机场,122.678415,39.27372859,,长海,
ZUWL,CQW,重庆仙女山,机场,107.7055053,29.46886498,4C,重庆,民用运输机场
ZGHA,CSX,长沙黄花,国际机场,113.2322879,28.19154404,4F,长沙,民用运输机场
ZUUU,CTU,成都双流,国际机场,103.9556119,30.58175635,4F,成都,民用运输机场
ZPCW,CWJ,沧源佤山,机场,99.37424667,23.27053566,4C,沧源,民用运输机场
ZSCG,CZX,常州奔牛,机场,119.7904696,31.92381033,4E,常州,军民合用机场
ZBDT,DAT,大同云冈,机场,113.4955097,40.06749315,,大同,
ZUDX,DAX,达州河市,机场,107.4407643,31.13402648,4C,达州,国内支线机场
ZYBA,DBC,白城长安,机场,123.0324729,45.51346593,4C,白城,军民合用机场
ZUDC,DCY,稻城亚丁,机场,100.0611829,29.32636667,4C,稻城,军民合用机场
ZYDD,DDG,丹东浪头,机场,124.298123,40.03216149,,丹东,
ZPDQ,DIG,迪庆香格里拉,机场,99.68478118,27.79589325,4D,迪庆,民用运输机场
ZYTL,DLC,大连周水子,国际机场,121.5504617,38.97281759,4F,大连,民用运输机场
ZPDL,DLU,大理荒草坝,机场,100.3265901,25.65271888,,大理,
ZLDH,DNH,敦煌莫高,国际机场,94.81670875,40.16802521,4D,敦煌,民用运输机场
ZSDY,DOY,东营胜利,机场,118.8001515,37.51569997,4D,东营,民用运输机场
ZYDQ,DQA,大庆萨尔图,机场,125.1539892,46.75481122,,大庆,
ZBDS,DSN,鄂尔多斯伊金霍洛,国际机场,109.8735439,39.49655266,4E,鄂尔多斯,民用运输机场
RCLM,DSX,东沙岛,机场,116.7318975,20.7100138,,,
ZYDU,DTU,五大连池德都,机场,126.1464741,48.45343794,,五大连池,
ZGDY,DYG,张家界荷花,国际机场,110.454601,29.10574546,4D,张家界,民用干线机场
ZUDA,DZH,达州金垭,机场,107.4510607,31.04868039,4C,达州,民用运输机场
ZUDZ,DZU,大足空军基地,机场,105.7838524,29.63920543,,重庆,军用专用机场
ZHEC,EHU,鄂州花湖,机场,115.0296111,30.34285556,4E,,民用运输机场
ZBEN,EJN,额济纳旗桃来,机场,101.0090527,42.02309804,,额济纳旗,
ZHES,ENH,恩施许家坪,机场,109.4964518,30.3234607,4C,恩施,民用运输机场
ZLYA,ENY,延安南泥湾,机场,109.5656286,36.64319496,,延安,
ZBER,ERL,二连浩特赛乌素,机场,112.1106202,43.43093529,,二连浩特,
ZSFZ,FOC,福州长乐,国际机场,119.6739934,25.93800098,4E,福州,民用运输机场
ZSFY,FUG,阜阳西关,机场,115.7464445,32.88587258,4C,阜阳,民用运输机场
ZGFS,FUO,佛山沙堤,机场,113.0820084,23.08667845,,佛山,
ZYFY,FYJ,抚远东极,机场,134.3807366,48.20814381,4C,抚远,民用运输机场
ZWFY,FYN,富蕴可可托海,机场,89.52121122,46.81137574,,富蕴,
ZUGH,GHN,广汉,机场,104.3387121,30.95188396,4C,广汉,A1类跑道型通用机场
ZLGL,GMQ,果洛玛沁,机场,100.3089653,34.42278165,,果洛,
ZLGM,GOQ,格尔木,机场,94.79360772,36.40650847,4D,格尔木,军民合用机场
ZLXH,GXH,甘南夏河,机场,102.6528975,34.8149855,4C,甘南,民用运输机场
ZUGU,GYS,广元盘龙,机场,105.7121732,32.3950125,4C,广元,民用运输机场
ZLGY,GYU,固原六盘山,机场,106.2276024,36.08487789,,固原,
ZUGZ,GZG,甘孜格萨尔,机场,99.56122874,31.76187739,4C,甘孜,民用运输机场
ZJHK,HAK,海口美兰,国际机场,110.4699951,19.93862917,4F,海口,民用运输机场
ZLHB,HBQ,海北祁连,机场,100.651477,38.01805001,4C,祁连,民用运输机场
ZGHC,HCJ,河池金城江,机场,107.7103675,24.80770882,,河池,
ZBHD,HDG,邯郸,机场,114.438272,36.5318657,4C,邯郸,民用运输机场
ZYHE,HEK,黑河瑷珲,机场,127.3226664,50.17980647,,黑河,
ZBHH,HET,呼和浩特白塔,国际机场,111.8372064,40.859072,4E,呼和浩特,民用运输机场
ZSOF,HFE,合肥新桥,国际机场,117.310121,31.78369379,4E,合肥,民用运输机场
ZSHC,HGH,杭州萧山,国际机场,120.445087,30.23300553,4F,杭州,民用运输机场
ZSSH,HIA,淮安涟水,国际机场,119.137127,33.79563308,4D,淮安,民用运输机场
ZGCJ,HJJ,怀化芷江,机场,109.71109,27.44383649,,怀化,
ZBLA,HLD,呼伦贝尔东山,国际机场,119.8387818,49.21257881,4D,海拉尔,民用运输机场
ZBUL,HLH,乌兰浩特义勒力特,机场,122.0208443,46.2032786,,乌兰浩特,
ZWHM,HMI,哈密伊州,机场,93.67732472,42.84863656,,哈密,
ZGHY,HNY,衡阳南岳,机场,112.6398311,26.90746943,,衡阳,
ZHSN,HPG,神农架红坪,机场,110.3517439,31.62970568,4C,神农架,民用运输机场
ZYHB,HRB,哈尔滨太平,国际机场,126.2626802,45.63177878,4E,哈尔滨,民用运输机场
ZGSG,HSC,韶关丹霞,机场,113.4331493,24.98198817,,韶关,
ZYSD,HSF,绥芬河东宁,机场,130.8477647,44.46517231,4C,,民用运输机场
ZSZS,HSN,舟山普陀山,机场,122.3728044,29.93785417,4D,舟山,民用运输机场
ZWTN,HTN,和田,机场,79.87344854,37.04390253,4D,和田,军民合用机场
ZLHX,HTT,海西花土沟,机场,90.84929821,38.20828495,4C,海西,民用运输机场
ZBHZ,HUO,霍林郭勒霍林河,机场,119.4208144,45.49561746,,霍林郭勒,
ZGHZ,HUZ,惠州平潭,机场,114.6109562,23.05345075,,惠州,
ZLDL,HXD,海西德令哈,机场,97.27513246,37.13375933,4C,德令哈,民用运输机场
ZSLQ,HYN,台州路桥,机场,121.4398352,28.56554081,4C,台州,军民合用机场
ZLHZ,HZG,汉中城固,机场,107.2172336,33.13798869,,汉中,
ZUNP,HZH,黎平,机场,109.1610257,26.32468345,,黎平,
ZLIC,INC,银川河东,国际机场,106.4044656,38.32921008,4E,银川,民用运输机场
ZWCM,IQM,且末玉都,机场,85.47467595,38.23975656,,且末,
ZLQY,IQN,庆阳,机场,107.6142342,35.80527189,,庆阳,
ZSJD,JDZ,景德镇罗家,机场,117.1879259,29.34166215,4C,景德镇,民用运输机场
ZYJD,JGD,大兴安岭鄂伦春（加格达奇嘎仙）,机场,124.1317083,50.37882822,,加格达奇,
ZLJQ,JGN,嘉峪关,机场,98.34876481,39.86354596,4D,嘉峪关,民用运输机场
ZSGS,JGS,吉安井冈山,机场,114.7484108,26.85963739,,井冈山,
ZPJH,JHG,西双版纳嘎洒,国际机场,100.7676901,21.97696504,4D,西双版纳,民用运输机场
ZLJC,JIC,金昌金川,机场,102.3568054,38.54901452,,金昌,
ZYJL,JIL,吉林二台子,机场,126.4087518,44.01044329,,吉林,
ZUQJ,JIQ,黔江武陵山,机场,108.8418177,29.51685311,4C,黔江,民用运输机场
ZSJJ,JIU,九江庐山,机场,115.8126229,29.48060722,,九江,
ZSQZ,JJN,泉州晋江,国际机场,118.6009449,24.79930433,4D,晋江,军民合用机场
ZPJM,JMJ,澜沧景迈,机场,99.79393284,22.41856973,4C,澜沧,民用运输机场
ZYJM,JMU,佳木斯东郊,国际机场,130.479376,46.85161877,,佳木斯,
ZSJG,JNG,济宁曲阜,机场,116.3589151,35.29825635,4C,济宁,民用运输机场
ZYJZ,JNZ,锦州湾,机场,121.0740147,41.10973208,4C,锦州,民用运输机场
ZYJS,JSJ,建三江湿地,机场,132.674165,47.11788912,4C,建三江,民用运输机场
ZSJH,JUH,池州九华山,机场,117.6974685,30.74391049,4C,池州,民用运输机场
ZSJU,JUZ,衢州,机场,118.9102232,28.96891844,4C,衢州,军民合用机场
ZYJX,JXA,鸡西兴凯湖,机场,131.2073403,45.30110979,,鸡西,
ZUJZ,JZH,九寨黄龙,机场,103.6908594,32.85740655,4D,九寨沟,民用运输机场
ZWKC,KCA,库车龟兹,机场,82.88225043,41.68480828,,库车,
ZUKD,KGT,甘孜康定,机场,101.7429188,30.16088932,4C,康定,民用运输机场
ZWSH,KHG,喀什,国际机场,76.02967401,39.54901575,,喀什,
ZSCN,KHN,南昌昌北,国际机场,115.9112983,28.86800605,4E,南昌,民用运输机场
ZUKJ,KJH,凯里黄平,机场,107.9985863,26.97481233,,凯里,
ZWKN,KJI,布尔津喀纳斯,机场,87.00700973,48.22933184,4C,布尔津,民用运输机场
ZPPP,KMG,昆明长水,国际机场,102.9370974,25.10485426,4F,昆明,民用运输机场
ZSGZ,KOW,赣州黄金,机场,114.7903526,25.8559493,,赣州,
ZWKL,KRL,库尔勒梨城,机场,86.1380804,41.70534824,4D,库尔勒,军民合用机场
ZWKM,KRY,克拉玛依古海,机场,84.96155864,45.47366703,4D,克拉玛依,民用运输机场
ZUGY,KWE,贵阳龙洞堡,国际机场,106.8112494,26.54128196,4E,贵阳,民用运输机场
ZGKL,KWL,桂林两江,国际机场,110.0500992,25.22167507,4E,桂林,民用运输机场
ZSLO,LCX,龙岩冠豸山,机场,116.7581583,25.67810845,4C,连城,民用运输机场
ZYLD,LDS,伊春林都,机场,129.0331187,47.76056809,4C,伊春,民用运输机场
ZBLF,LFQ,临汾尧都,机场,111.6539846,36.13816922,4C,临汾,民用运输机场
ZHGH,LHK,老河口光化,机场,111.7073356,32.39334445,4F,老河口,军用专用机场
ZLLL,LHW,兰州中川,国际机场,103.628914,36.52064353,4E,兰州,民用运输机场
ZULP,LIA,梁平,机场,107.7969793,30.68284698,,梁平,军民合用机场
ZPLJ,LJG,丽江三义,机场,100.2537053,26.68220328,4D,丽江,民用运输机场
ZULB,LLB,黔南荔波,机场,107.9722129,25.45541289,,荔波,
ZGLG,LLF,永州零陵,机场,111.621735,26.34134397,4C,永州,民用运输机场
ZBLL,LLV,吕梁大武,机场,111.1556655,37.69014679,,吕梁,
ZPLC,LNJ,临沧博尚,机场,100.0326863,23.74116577,,临沧,
ZLLN,LNL,陇南成县,机场,105.8074239,33.79220229,,陇南,
ZUPS,LPF,六盘水月照,机场,104.9881895,26.61201389,,六盘水,
ZPMS,LUM,德宏芒市,机场,98.53839032,24.4042742,,芒市,
ZULS,LXA,拉萨贡嘎,国际机场,90.91962116,29.30037001,4E,拉萨,军民合用机场
ZHLY,LYA,洛阳北郊,机场,112.4009114,34.74599803,4D,洛阳,民用运输机场
ZSLG,LYG,连云港花果山,国际机场,118.8854615,34.57623345,4D,连云港,军民合用机场
ZSLY,LYI,临沂启阳,国际机场,118.4242485,35.0518288,4D,临沂,民用运输机场
ZGZH,LZH,柳州白莲,机场,109.4021269,24.21062871,4D,柳州,军民合用机场
ZULZ,LZO,泸州云龙,机场,105.4754959,29.02967965,4C,泸州,军民合用机场
ZUNZ,LZY,林芝米林,机场,94.3428762,29.30660579,4D,林芝,军民合用机场
ZYMD,MDG,牡丹江海浪,国际机场,129.5825144,44.53219219,,牡丹江,
ZUMY,MIG,绵阳南郊,机场,104.750199,31.43210423,4D,绵阳,民用运输机场
ZGMX,MXZ,梅州梅县,机场,116.1442798,24.35348266,,梅州,
ZUNC,NAO,南充高坪,机场,106.1730553,30.79901897,4C,南充,军民合用机场
ZBNY,NAY,北京南苑,机场,116.4006113,39.79052683,4D,北京,军民合用机场
ZYBS,NBS,白山长白山,机场,127.6145487,42.07480062,4D,白山,民用运输机场
ZYQQ,NDG,齐齐哈尔三家子,机场,123.9310587,47.24749236,,齐齐哈尔,
ZSNB,NGB,宁波栎社,国际机场,121.4729233,29.8304251,4E,宁波,民用运输机场
ZUAL,NGQ,阿里昆莎,机场,80.06166546,32.10367307,4D,阿里,民用运输机场
ZSNJ,NKG,南京禄口,国际机场,118.8736202,31.74554661,4F,南京,民用运输机场
ZPNL,NLH,宁蒗泸沽湖,机场,100.7671311,27.54274235,,宁蒗,
ZWNL,NLT,新源那拉提,机场,83.3884385,43.43953985,,新源,
ZGNN,NNG,南宁吴圩,国际机场,108.1826031,22.61118063,4E,南宁,军民合用机场
ZHNY,NNY,南阳姜营,机场,112.6273252,32.98436123,4D,南阳,民用运输机场
ZSNT,NTG,南通兴东,国际机场,120.9868439,32.07490956,,南通,
ZBMZ,NZH,满洲里西郊,机场,117.3446085,49.57472458,4D,满洲里,民用运输机场
ZBZL,NZL,扎兰屯成吉思汗,机场,122.7802295,47.87427433,,扎兰屯,
ZYMH,OHE,漠河古莲,机场,122.4440028,52.92038558,,漠河,
ZBAA,PEK,北京首都,国际机场,116.5974148,40.08686079,4F,北京,民用运输机场
ZBAD,PKX,北京大兴,国际机场,116.423561,39.51751551,4F,北京,民用运输机场
ZSPD,PVG,上海浦东,国际机场,121.8157119,31.14761741,4F,上海,民用运输机场
ZUZH,PZI,攀枝花保安营,机场,101.80661,26.54227126,4C,攀枝花,民用运输机场
ZWSC,QSZ,莎车叶尔羌,机场,77.08475932,38.28698052,,莎车,
ZBAR,RHT,阿拉善右旗巴丹吉林,机场,101.5544137,39.23160947,,阿拉善右旗,
ZSRZ,RIZ,日照山字河,机场,119.3367005,35.41059225,4C,日照,民用运输机场
ZURK,RKZ,日喀则和平,机场,89.32023463,29.35488187,,日喀则,
ZBYZ,RLK,巴彦淖尔天吉泰,机场,107.7479454,40.9328189,4C,巴彦淖尔,民用运输机场
ZSSS,SHA,上海虹桥,国际机场,121.3470134,31.202149,4E,上海,民用运输机场
ZYTX,SHE,沈阳桃仙,国际机场,123.4953767,41.64843134,4E,沈阳,民用运输机场
ZWHZ,SHF,石河子花园,机场,85.89937961,44.24903412,,石河子,
ZHJZ,SHS,荆州沙市,机场,112.4552765,30.29983116,4C,荆州,民用运输机场
ZLSN,SIA,西安西关,机场,109.1317617,34.38126683,,,
ZBSJ,SJW,石家庄正定,国际机场,114.7093965,38.28750179,4E,石家庄,民用运输机场
ZSSR,SQD,上饶三清山,机场,117.975749,28.38263944,4C,上饶,民用运输机场
ZSSM,SQJ,三明沙县,机场,117.8449583,26.42921379,,三明,
ZGOW,SWA,揭阳潮汕,国际机场,116.5142827,23.55571485,4E,汕头,民用运输机场
ZWSS,SXJ,鄯善,,90.25585553,42.91944359,,,
ZPSM,SYM,普洱思茅,机场,100.9666814,22.79612829,,普洱,
ZJSY,SYX,三亚凤凰,国际机场,109.4227726,18.30750732,4E,三亚,民用运输机场
ZSSZ,SZV,苏州,机场,120.4122493,31.26700401,,,
ZGSZ,SZX,深圳宝安,国际机场,113.822618,22.64204791,4F,深圳,民用运输机场
ZSQD,TAO,青岛胶东,国际机场,120.3856153,36.2726235,4F,青岛,民用运输机场
ZWTC,TCG,塔城千泉,机场,83.35095939,46.67912978,,塔城,
ZPTC,TCZ,腾冲驼峰,机场,98.49269942,24.94104352,,腾冲,
ZUTR,TEN,铜仁凤凰,机场,109.319983,27.88635408,4C,铜仁,民用运输机场
ZUTF,TFU,成都天府,国际机场,104.4514817,30.31367024,4F,成都,民用运输机场
ZBTL,TGO,通辽,机场,122.2122051,43.56487239,,通辽,
ZLTS,THQ,天水麦积山,机场,105.8702877,34.56403213,,天水,
ZWTL,TLQ,吐鲁番交河,机场,89.10833473,43.03823092,,吐鲁番,
ZSJN,TNA,济南遥墙,国际机场,117.2284702,36.86383223,4E,济南,民用运输机场
ZYTN,TNH,通化三源浦,机场,125.7159942,42.26181143,,通化,
ZBTJ,TSN,天津滨海,国际机场,117.3718139,39.1335026,4E,天津,民用运输机场
ZBSN,TVS,唐山三女河,机场,118.0155202,39.72475603,,唐山,
ZSTX,TXN,黄山屯溪,国际机场,118.267681,29.73643684,4D,黄山,民用运输机场
ZBYN,TYN,太原武宿,国际机场,112.6408357,37.75316142,4E,太原,民用运输机场
ZBUC,UCB,乌兰察布集宁,机场,113.1219366,41.1373858,,乌兰察布,
ZWWW,URC,乌鲁木齐地窝堡,国际机场,87.48375413,43.91476539,4E,乌鲁木齐,民用运输机场
ZLYL,UYN,榆林榆阳,机场,109.6027938,38.36593487,4D,榆林,民用运输机场
ZHSY,WDS,十堰武当山,机场,110.919536,32.59527151,4C,十堰,民用运输机场
ZSWF,WEF,潍坊南苑,机场,119.1314999,36.65308437,4D,潍坊,军民合用机场
ZSWH,WEH,威海大水泊,国际机场,122.2403595,37.19355632,4D,威海,军民合用机场
ZGSY,WGN,邵阳武冈,机场,110.6530818,26.80471993,,邵阳,
ZSWU,WHU,芜湖,,118.4208869,31.39486279,,芜湖,
ZUMT,WMT,遵义茅台,机场,106.3429119,27.81930947,,遵义,
ZPWS,WNH,文山砚山,机场,104.334302,23.56148445,,文山,
ZSWZ,WNZ,温州龙湾,国际机场,120.862384,27.91508599,4E,温州,民用运输机场
ZUWS,WSK,重庆巫山,机场,109.7158725,31.07072536,4C,Wushan,民用运输机场
ZBUH,WUA,乌海,机场,106.8104436,39.80066412,,乌海,
ZHHH,WUH,武汉天河,国际机场,114.2199862,30.78752371,4F,武汉,民用运输机场
ZSWY,WUS,武夷山,机场,118.0126105,27.70441282,4C,武夷山,民用运输机场
ZBXZ,WUT,忻州五台山,机场,112.9823447,38.60365846,,忻州,
ZSWX,WUX,无锡苏南硕放,国际机场,120.4402467,31.49835159,4E,无锡,军民合用机场
ZGWZ,WUZ,梧州西江,机场,111.2595252,23.46035433,,梧州,
ZUWX,WXN,万州五桥,机场,108.444111,30.80521695,4C,万州,民用运输机场
ZYXC,XEN,兴城,机场,120.7096862,40.58796526,,,
ZHXF,XFN,襄阳刘集,机场,112.3033595,32.15459287,4D,襄阳,民用运输机场
ZUXC,XIC,西昌青山,机场,102.1921908,27.99142914,4D,西昌,军民合用机场
ZBXH,XIL,锡林浩特,机场,115.9771738,43.92325929,,锡林浩特,
ZGXN,XIN,梅州兴宁,机场,115.7693273,24.1523274,,,军用专用机场
ZLXY,XIY,西安咸阳,国际机场,108.7632848,34.45164852,4F,西安,民用运输机场
ZSAM,XMN,厦门高崎,国际机场,118.139516,24.54700248,4E,厦门,民用运输机场
ZLXN,XNN,西宁曹家堡,国际机场,102.0516039,36.53330211,4E,西宁,民用运输机场
ZBXT,XNT,邢台褡裢,机场,114.4420378,36.88939746,,,
ZSXZ,XUZ,徐州观音,国际机场,117.5674052,34.0633989,4E,徐州,民用运输机场
ZJYX,XYI,三沙永兴岛,机场,112.3556031,16.83917378,4C,三沙,军民合用机场
ZUYB,YBP,宜宾五粮液,机场,104.5405917,28.85385868,4C,宜宾,军民合用机场
ZBYC,YCU,运城张孝,机场,111.0438493,35.1216972,4D,运城,军民合用机场
ZSYC,YIC,宜春明月山,机场,114.3179747,27.80498831,,宜春,
ZBES,YIE,阿尔山伊尔施,机场,119.9248604,47.31836479,4C,阿尔山,民用支线机场
ZHYC,YIH,宜昌三峡,机场,111.4921944,30.56041284,4D,宜昌,民用运输机场
ZWYN,YIN,伊宁,机场,81.33986942,43.96309361,,伊宁,
ZSYW,YIW,义乌,机场,120.0432147,29.34803469,4D,义乌,军民合用机场
ZYYK,YKH,营口兰旗,机场,122.3704628,40.55004612,4C,营口,民用运输机场
ZYYJ,YNJ,延吉朝阳川,国际机场,129.4645856,42.89158402,,延吉,
ZSYT,YNT,烟台蓬莱,国际机场,121.3838353,37.40831513,4E,烟台,民用运输机场
ZSYN,YNZ,盐城南洋,国际机场,120.2144008,33.43033139,,盐城,
ZYSQ,YSQ,松原查干湖,机场,124.5626568,44.94635796,,松原,
ZSYA,YTY,扬州泰州,机场,119.7288012,32.56400365,4E,泰州,民用运输机场
ZPYM,YUA,元谋,,101.8897726,25.74053638,,,
ZLYS,YUS,玉树巴塘,机场,97.0434803,32.84004151,,玉树,
ZGYY,YYA,岳阳三荷,机场,113.290251,29.3176106,,岳阳,
ZLZY,YZY,张掖甘州,机场,100.6829136,38.80855917,,张掖,
ZPZT,ZAT,昭通,机场,103.7636583,27.3279972,,昭通,
ZGZJ,ZHA,湛江吴川,机场,110.3690021,21.21788909,,湛江,
ZLZW,ZHY,中卫沙坡头,机场,105.1648364,37.57964421,,中卫,
ZBZJ,ZQZ,张家口宁远,机场,114.9425976,40.74598903,,张家口,
ZGSD,ZUH,珠海金湾,机场,113.3879176,22.01003063,4E,珠海,民用运输机场
ZUZY,ZYI,遵义新舟,机场,107.0112779,27.59206735,,遵义,
